symbol,price,timestamp
786,27.68,2026-05-18T00:14:21.520719
786,27.68,2026-05-18T00:14:21.524715
786,27.68,2026-05-18T00:14:21.531718
786R,2.47,2026-05-18T00:14:21.536718
786R,2.47,2026-05-18T00:14:21.542718
786R,2.47,2026-05-18T00:14:21.550720
AABS,910.21,2026-05-18T00:14:21.548718
AABS,910.21,2026-05-18T00:14:21.560721
AABS,910.21,2026-05-18T00:14:21.565723
AABS,910.21,2026-05-18T00:16:08.690075
AABS,910.21,2026-05-18T00:16:10.348656
AABS,910.21,2026-05-18T00:16:11.293166
AABS,910.21,2026-05-18T00:16:12.139548
AABS,910.21,2026-05-18T00:16:12.856925
AABS,910.21,2026-05-18T00:16:13.490448
AABS,910.21,2026-05-18T00:16:13.989089
AABS,910.21,2026-05-18T00:16:14.400701
AABS,910.21,2026-05-18T00:16:14.761932
AABS,910.21,2026-05-18T00:16:15.155560
AABS,910.21,2026-05-18T00:16:15.564969
AABS,910.21,2026-05-18T00:16:15.963036
AABS,910.21,2026-05-18T00:16:16.743847
AATM,54.51,2026-05-18T00:14:21.592723
AATM,54.51,2026-05-18T00:14:21.601724
AATM,54.51,2026-05-18T00:14:21.602727
ABL,178.99,2026-05-18T00:14:21.606725
ABL,178.99,2026-05-18T00:14:21.621729
ABL,178.99,2026-05-18T00:14:21.624732
ABOT,874.12,2026-05-18T00:14:21.622726
ABOT,874.12,2026-05-18T00:14:21.636727
ABOT,874.12,2026-05-18T00:14:21.639730
ACPL,226.29,2026-05-18T00:14:21.663730
ACPL,226.29,2026-05-18T00:14:21.675732
ACPL,226.29,2026-05-18T00:14:21.676734
ADAMS,73.94,2026-05-18T00:14:21.681734
ADAMS,73.94,2026-05-18T00:14:21.693740
ADAMS,73.94,2026-05-18T00:14:21.698738
ADMM,74.02,2026-05-18T00:14:21.699736
ADMM,74.02,2026-05-18T00:14:21.722738
ADMM,74.02,2026-05-18T00:14:21.723738
ADOS,29.0,2026-05-18T00:14:21.726031
ADOS,29.0,2026-05-18T00:14:21.742497
ADOS,29.0,2026-05-18T00:14:21.748501
ADTM,8.9,2026-05-18T00:14:21.745499
ADTM,8.9,2026-05-18T00:14:21.765502
ADTM,8.9,2026-05-18T00:14:21.774501
AEL,33.68,2026-05-18T00:14:21.769503
AEL,33.68,2026-05-18T00:14:21.784502
AEL,33.68,2026-05-18T00:14:21.793502
AGHA,8.26,2026-05-18T00:14:21.791501
AGHA,8.26,2026-05-18T00:14:21.805501
AGHA,8.26,2026-05-18T00:14:21.810505
AGIC,36.84,2026-05-18T00:14:21.808504
AGIC,36.84,2026-05-18T00:14:21.825509
AGIC,36.84,2026-05-18T00:14:21.828505
AGICR2,5.92,2026-05-18T00:14:21.835509
AGICR2,5.92,2026-05-18T00:14:21.843507
AGICR2,5.92,2026-05-18T00:14:21.847507
AGIL,166.96,2026-05-18T00:14:21.852509
AGIL,166.96,2026-05-18T00:14:21.860511
AGIL,166.96,2026-05-18T00:14:21.869511
AGL,46.53,2026-05-18T00:14:21.870514
AGL,46.53,2026-05-18T00:14:21.879511
AGL,46.53,2026-05-18T00:14:21.888512
AGP,179.75,2026-05-18T00:14:21.907513
AGP,179.75,2026-05-18T00:14:21.913517
AGP,179.75,2026-05-18T00:14:21.918518
AGSML,10.67,2026-05-18T00:14:21.926518
AGSML,10.67,2026-05-18T00:14:21.932519
AGSML,10.67,2026-05-18T00:14:21.934517
AGTL,355.28,2026-05-18T00:14:21.947521
AGTL,355.28,2026-05-18T00:14:21.954519
AGTL,355.28,2026-05-18T00:14:21.955522
AHCL,14.23,2026-05-18T00:14:21.970521
AHCL,14.23,2026-05-18T00:14:21.971523
AHCL,14.23,2026-05-18T00:14:21.974523
AHL,105.67,2026-05-18T00:14:21.991524
AHL,105.67,2026-05-18T00:14:21.996528
AHL,105.67,2026-05-18T00:14:22.001528
AHTM,77.0,2026-05-18T00:14:22.026529
AHTM,77.0,2026-05-18T00:14:22.029529
AHTM,77.0,2026-05-18T00:14:22.037532
AICL,75.35,2026-05-18T00:14:22.051532
AICL,75.35,2026-05-18T00:14:22.054535
AICL,75.35,2026-05-18T00:14:22.062535
AIRLINK,147.53,2026-05-18T00:14:22.077538
AIRLINK,147.53,2026-05-18T00:14:22.079535
AIRLINK,147.53,2026-05-18T00:14:22.089536
AKDCL,392.0,2026-05-18T00:14:22.145547
AKDCL,392.0,2026-05-18T00:14:22.153547
AKDCL,392.0,2026-05-18T00:14:22.168548
AKDHL,159.87,2026-05-18T00:14:22.165546
AKDHL,159.87,2026-05-18T00:14:22.179544
AKDHL,159.87,2026-05-18T00:14:22.196548
AKDSL,34.34,2026-05-18T00:14:22.198551
AKDSL,34.34,2026-05-18T00:14:22.214552
AKDSL,34.34,2026-05-18T00:14:22.231555
AKGL,55.6,2026-05-18T00:14:22.243553
AKGL,55.6,2026-05-18T00:14:22.248554
AKGL,55.6,2026-05-18T00:14:22.260557
AKZO,270.0,2026-05-18T00:14:22.272555
AKZO,270.0,2026-05-18T00:14:22.278558
AKZO,270.0,2026-05-18T00:14:22.292560
ALAC,16.21,2026-05-18T00:14:22.300559
ALAC,16.21,2026-05-18T00:14:22.310559
ALAC,16.21,2026-05-18T00:14:22.316561
ALIFE,32.5,2026-05-18T00:14:22.332568
ALIFE,32.5,2026-05-18T00:14:22.342562
ALIFE,32.5,2026-05-18T00:14:22.346565
ALNRS,118.91,2026-05-18T00:14:22.365568
ALNRS,118.91,2026-05-18T00:14:22.372566
ALNRS,118.91,2026-05-18T00:14:22.373567
ALQT,85.0,2026-05-18T00:14:22.388567
ALQT,85.0,2026-05-18T00:14:22.393566
ALQT,85.0,2026-05-18T00:14:22.395570
ALTN,8.49,2026-05-18T00:14:22.415571
ALTN,8.49,2026-05-18T00:14:22.417571
ALTN,8.49,2026-05-18T00:14:22.424572
AMBL,23.72,2026-05-18T00:14:22.438573
AMBL,23.72,2026-05-18T00:14:22.446576
AMBL,23.72,2026-05-18T00:14:22.447576
ANL,10.28,2026-05-18T00:14:22.498579
ANL,10.28,2026-05-18T00:14:22.499579
ANL,10.28,2026-05-18T00:14:22.508584
ANSM,13.0,2026-05-18T00:14:22.538585
ANSM,13.0,2026-05-18T00:14:22.538585
ANSM,13.0,2026-05-18T00:14:22.539587
ANTM,27.4,2026-05-18T00:14:22.565589
ANTM,27.4,2026-05-18T00:14:22.565589
ANTM,27.4,2026-05-18T00:14:22.566590
APL,564.29,2026-05-18T00:14:22.587591
APL,564.29,2026-05-18T00:14:22.589593
APL,564.29,2026-05-18T00:14:22.601594
AQTM,1.31,2026-05-18T00:14:22.643599
AQTM,1.31,2026-05-18T00:14:22.656615
ARCTM,27.99,2026-05-18T00:14:22.681602
ARCTM,27.99,2026-05-18T00:14:22.682602
ARM,27.9,2026-05-18T00:14:22.706606
ARM,27.9,2026-05-18T00:14:22.710620
ARMG,50.0,2026-05-18T00:14:22.733609
ARMG,50.0,2026-05-18T00:14:22.749610
ARPAK,111.22,2026-05-18T00:14:22.770615
ARPAK,111.22,2026-05-18T00:14:22.782621
ARPL,393.32,2026-05-18T00:14:22.797618
ARPL,393.32,2026-05-18T00:14:22.820658
ASCR1,6.28,2026-05-18T00:14:22.857620
ASCR1,6.28,2026-05-18T00:14:22.865621
ASHT,34.9,2026-05-18T00:14:22.873624
ASHT,34.9,2026-05-18T00:14:22.885630
ASIC,30.56,2026-05-18T00:14:22.890625
ASIC,30.56,2026-05-18T00:14:22.905627
ASL,12.24,2026-05-18T00:14:22.912629
ASL,12.24,2026-05-18T00:14:22.923629
ASRL,99.0,2026-05-18T00:14:22.951634
ASRL,99.0,2026-05-18T00:14:22.964632
ASTL,16.38,2026-05-18T00:14:22.972633
ASTL,16.38,2026-05-18T00:14:22.982636
ASTM,19.36,2026-05-18T00:14:22.990644
ASTM,19.36,2026-05-18T00:14:23.003642
ATBA,226.55,2026-05-18T00:14:23.004639
ATBA,226.55,2026-05-18T00:14:23.021643
ATIL,72.5,2026-05-18T00:14:23.025643
ATIL,72.5,2026-05-18T00:14:23.039640
ATLH,1764.13,2026-05-18T00:14:23.042645
ATLH,1764.13,2026-05-18T00:14:23.060648
ATRL,890.79,2026-05-18T00:14:23.059645
ATRL,890.79,2026-05-18T00:14:23.081645
AWTX,1552.05,2026-05-18T00:14:23.094649
AWTX,1552.05,2026-05-18T00:14:23.106653
AWWAL,10.0,2026-05-18T00:14:23.112647
AWWAL,10.0,2026-05-18T00:14:23.126652
AYTM,200.0,2026-05-18T00:14:23.135658
AYTM,200.0,2026-05-18T00:14:23.155659
AYZT,0.2,2026-05-18T00:14:23.154665
AYZT,0.2,2026-05-18T00:14:23.179659
AZTM,0.26,2026-05-18T00:14:23.191661
AZTM,0.26,2026-05-18T00:14:23.212661
BAFS,262.7,2026-05-18T00:14:23.257665
BAFS,262.7,2026-05-18T00:14:23.273674
BAHL,160.55,2026-05-18T00:14:23.280667
BAHL,160.55,2026-05-18T00:14:23.295672
BAPL,33.01,2026-05-18T00:14:23.332676
BAPL,33.01,2026-05-18T00:14:23.346676
BATA,984.86,2026-05-18T00:14:23.356677
BATA,984.86,2026-05-18T00:14:23.368682
BBFL,44.17,2026-05-18T00:14:23.380683
BBFL,44.17,2026-05-18T00:14:23.392685
BCL,71.9,2026-05-18T00:14:23.405686
BCL,71.9,2026-05-18T00:14:23.417684
BCML,42.6,2026-05-18T00:14:23.433690
BCML,42.6,2026-05-18T00:14:23.448688
BECO,5.49,2026-05-18T00:14:23.449691
BECO,5.49,2026-05-18T00:14:23.478690
BEEM,2.3,2026-05-18T00:14:23.473690
BEEM,2.3,2026-05-18T00:14:23.496697
BERG,93.99,2026-05-18T00:14:23.522700
BERG,93.99,2026-05-18T00:14:23.533704
BFAGRO,32.6,2026-05-18T00:14:23.545699
BFAGRO,32.6,2026-05-18T00:14:23.563701
BFBIO,133.85,2026-05-18T00:14:23.564700
BFBIO,133.85,2026-05-18T00:14:23.592712
BFMOD,21.33,2026-05-18T00:14:23.587707
BFMOD,21.33,2026-05-18T00:14:23.613706
BGL,10.37,2026-05-18T00:14:23.614711
BGL,10.37,2026-05-18T00:14:23.644712
BHAT,845.03,2026-05-18T00:14:23.642710
BHAT,845.03,2026-05-18T00:14:23.671721
UBL,379.5,2026-05-18T00:14:59.700069
UBL,379.5,2026-05-18T00:15:01.753554
UBL,379.5,2026-05-18T00:15:04.313758
UBL,379.5,2026-05-18T00:15:06.546362
UBL,379.5,2026-05-18T00:15:10.333702
UBL,379.5,2026-05-18T00:15:12.139890
UBL,379.5,2026-05-18T00:15:14.982695
UBL,379.5,2026-05-18T00:15:15.888421
UBL,379.5,2026-05-18T00:15:16.772856
UBL,379.5,2026-05-18T00:15:45.799427
ENGRO,485.38,2026-05-18T00:15:20.782863
HBL,274.85,2026-05-18T00:15:33.154830
HBL,274.85,2026-05-18T00:15:33.989106
HBL,274.85,2026-05-18T00:15:34.672439
HBL,274.85,2026-05-18T00:15:35.332745
HBL,274.85,2026-05-18T00:15:36.008679
HBL,274.85,2026-05-18T00:15:36.673989
HBL,274.85,2026-05-18T00:15:37.360724
HBL,274.85,2026-05-18T00:15:38.029624
HBL,274.85,2026-05-18T00:15:38.874682
HBL,274.85,2026-05-18T00:15:39.644309
HBL,274.85,2026-05-18T00:15:40.703233
HBL,274.85,2026-05-18T00:15:42.053528
HBL,274.85,2026-05-18T00:15:49.336308
HUBC,118.50,2026-05-18T10:00:00.4895839
HUBC,119.20,2026-05-18T10:05:00.8745982
HUBC,120.10,2026-05-18T10:10:00.8379458
HUBC,119.80,2026-05-18T10:15:00.8479533
HUBC,121.00,2026-05-18T10:20:00.8374987
